Dataset,Phase,Algo,Points,Queries,Action,BuildTime,UpdateTime,SearchTime,Recall,Precision,QPS,max memory used,Threading
imagenet,1,KNNS Binary (Threaded),300000,1000,Build,5.0764,0.0,478.15084,1.0,1.0,2091.3902,0.4057,True
imagenet,1,KNNS Binary (Serial),300000,1000,Build,4.9698,0.0,1430.64952,1.0,1.0,698.9832,0.4003,False
imagenet,1,KNNS Double (Threaded),300000,1000,Build,5.8074,0.0,639.26578,1.0,1.0,1564.2946,0.4003,True
imagenet,1,KNNS Double (Serial),300000,1000,Build,5.8168,0.0,2738.70158,1.0,1.0,365.1365,0.4003,False
imagenet,1,Linscan (budget: 1),300000,1000,Build,395.1011,0.0,861.22942,0.6217,0.6217,1161.1308,9155.2787,True
imagenet,1,Linscan (budget: 4),300000,1000,Build,376.899,0.0,891.14523,0.7291,0.7291,1122.1515,9155.277,True
imagenet,1,Linscan (budget: 6),300000,1000,Build,377.017,0.0,922.60313,0.7835,0.7835,1083.8897,9155.277,True
imagenet,1,Linscan (budget: 10),300000,1000,Build,370.0436,0.0,991.04738,0.8681,0.8681,1009.0335,9155.277,True
imagenet,1,Linscan (base),300000,1000,Build,372.8667,0.0,60376.50323,0.9785,0.9785,16.5627,9155.277,True
imagenet,1,Cufe (budget: 1),300000,1000,Build,323.3882,0.0,894.71269,0.6579,0.6579,1117.6772,9155.2775,True
imagenet,1,Cufe (budget: 4),300000,1000,Build,319.0233,0.0,925.04048,0.8009,0.8009,1081.0338,9155.277,True
imagenet,1,Cufe (budget: 6),300000,1000,Build,317.6266,0.0,954.23603,0.8315,0.8315,1047.9588,9155.277,True
imagenet,1,Cufe (budget: 10),300000,1000,Build,316.4081,0.0,1024.03069,0.8613,0.8613,976.5332,9155.277,True
imagenet,1,Cufe (base),300000,1000,Build,317.5156,0.0,30940.11402,0.919,0.919,32.3205,9155.277,True
imagenet,1,SHNSW (ef_search: 40),300000,1000,Build,168.667,0.0,105.74222,0.9218,0.9218,9456.9609,9155.2828,True
imagenet,1,SHNSW (ef_search: 200),300000,1000,Build,170.5001,0.0,356.50277,0.9429,0.9429,2805.0273,9155.2773,True
imagenet,1,SHNSW (ef_search: 500),300000,1000,Build,164.5033,0.0,766.99543,0.9468,0.9468,1303.7887,9155.2773,True
imagenet,1,SHNSW (ef_search: 1000),300000,1000,Build,171.7776,0.0,1364.74061,0.953,0.953,732.74,9155.2773,True
imagenet,1,Faiss HNSW (efSearch: 64),300000,1000,Build,19.5717,0.0,87.08453,0.9036,0.9036,11483.0956,1144.4136,True
imagenet,1,Faiss HNSW (efSearch: 128),300000,1000,Build,19.7953,0.0,143.1334,0.9128,0.9128,6986.4894,1144.4114,True
imagenet,1,Faiss HNSW (efSearch: 256),300000,1000,Build,19.4055,0.0,253.84784,0.9274,0.9274,3939.3678,1144.4105,True
imagenet,1,Faiss GT,300000,1000,Build,0.9377,0.0,7393.6789,0.9785,0.9785,135.2507,1144.4107,True
imagenet,1,Scann,300000,1000,Build,22.0086,0.0,830.78861,0.8593,0.8593,1203.6756,1144.4248,True
imagenet,1,Falconn (num_tables: 50),300000,1000,Build,2.148,0.0,1264.76383,0.9206,0.9206,790.6614,1148.6367,True
imagenet,1,Falconn (num_tables: 100),300000,1000,Build,4.1346,0.0,2379.72999,0.9405,0.9405,420.2157,1148.6311,True
imagenet,2,KNNS Binary (Threaded),301000,1000,Update,0.0,0.0321,549.92294,1.0,1.0,1818.4366,0.4044,True
imagenet,2,KNNS Binary (Serial),301000,1000,Update,0.0,0.0301,1617.1124,1.0,1.0,618.3862,0.4002,False
imagenet,2,KNNS Double (Threaded),301000,1000,Update,0.0,0.0211,648.78297,1.0,1.0,1541.3475,0.4002,True
imagenet,2,KNNS Double (Serial),301000,1000,Update,0.0,0.0293,3191.04886,1.0,1.0,313.3766,0.4002,False
imagenet,2,Linscan (budget: 1),301000,1000,Update,0.0,1.3528,893.02516,0.6414,0.6414,1119.7893,93.0282,True
imagenet,2,Linscan (budget: 4),301000,1000,Update,0.0,1.3899,964.09464,0.7569,0.7569,1037.2426,93.0238,True
imagenet,2,Linscan (budget: 6),301000,1000,Update,0.0,1.3923,979.40564,0.7929,0.7929,1021.0274,92.9708,True
imagenet,2,Linscan (budget: 10),301000,1000,Update,0.0,1.3982,1051.82147,0.8929,0.8929,950.7317,92.9708,True
imagenet,2,Linscan (base),301000,1000,Update,0.0,1.3734,61780.30038,0.9859,0.9859,16.1864,92.9708,True
imagenet,2,Cufe (budget: 1),301000,1000,Update,0.0,1.1934,919.11602,0.6703,0.6703,1088.0019,92.9719,True
imagenet,2,Cufe (budget: 4),301000,1000,Update,0.0,1.142,970.9537,0.8442,0.8442,1029.9152,92.9713,True
imagenet,2,Cufe (budget: 6),301000,1000,Update,0.0,1.148,994.56668,0.8527,0.8527,1005.463,92.9712,True
imagenet,2,Cufe (budget: 10),301000,1000,Update,0.0,1.1419,1068.96758,0.8756,0.8756,935.4821,92.9712,True
imagenet,2,Cufe (base),301000,1000,Update,0.0,1.172,31326.12252,0.9347,0.9347,31.9222,92.9712,True
imagenet,2,SHNSW (ef_search: 40),301000,1000,Update,0.0,0.0,175.54235,0.9148,0.9148,5696.6309,30.5218,True
imagenet,2,SHNSW (ef_search: 200),301000,1000,Update,0.0,0.0,376.64223,0.9355,0.9355,2655.0395,30.5214,True
imagenet,2,SHNSW (ef_search: 500),301000,1000,Update,0.0,0.0,807.03259,0.938,0.938,1239.1073,30.5214,True
imagenet,2,SHNSW (ef_search: 1000),301000,1000,Update,0.0,0.0,1368.38603,0.9435,0.9435,730.7879,30.5214,True
imagenet,2,Faiss HNSW (efSearch: 64),301000,1000,Update,0.0,0.8723,79.53334,0.8998,0.8998,12573.3437,4.3299,True
imagenet,2,Faiss HNSW (efSearch: 128),301000,1000,Update,0.0,0.8575,137.11166,0.92,0.92,7293.3255,4.3294,True
imagenet,2,Faiss HNSW (efSearch: 256),301000,1000,Update,0.0,0.8368,259.87196,0.9269,0.9269,3848.0489,4.3292,True
imagenet,2,Faiss GT,301000,1000,Update,0.0,0.7519,7256.68979,0.9871,0.9871,137.8039,4.3299,True
imagenet,2,Scann,301000,1000,Update,0.0,0.0,862.31256,0.8704,0.8704,1159.6723,4.2911,True
imagenet,2,Falconn (num_tables: 50),301000,1000,Update,0.0,0.0,1260.93674,0.9135,0.9135,793.0612,4.2199,True
imagenet,2,Falconn (num_tables: 100),301000,1000,Update,0.0,0.0,2379.07338,0.9398,0.9398,420.3317,4.2199,True
imagenet,3,KNNS Binary (Threaded),500000,1000,Update,0.0,4.9497,909.94287,1.0,1.0,1098.9701,0.4046,True
imagenet,3,KNNS Binary (Serial),500000,1000,Update,0.0,4.7123,2469.70224,1.0,1.0,404.9071,0.4004,False
imagenet,3,KNNS Double (Threaded),500000,1000,Update,0.0,28.85,997.43485,1.0,1.0,1002.5717,0.4004,True
imagenet,3,KNNS Double (Serial),500000,1000,Update,0.0,7.0004,4719.01059,1.0,1.0,211.9088,0.4004,False
imagenet,3,Linscan (budget: 1),500000,1000,Update,0.0,281.1113,1097.45383,0.449,0.449,911.2001,6073.0023,True
imagenet,3,Linscan (budget: 4),500000,1000,Update,0.0,261.6064,1016.26205,0.5158,0.5158,983.9982,6073.0019,True
imagenet,3,Linscan (budget: 6),500000,1000,Update,0.0,256.2622,1387.43949,0.6132,0.6132,720.7522,6073.0019,True
imagenet,3,Linscan (budget: 10),500000,1000,Update,0.0,259.9136,1117.18488,0.674,0.674,895.107,6073.0019,True
imagenet,3,Linscan (base),500000,1000,Update,0.0,264.2469,132402.21167,0.9756,0.9756,7.5527,6073.0019,True
imagenet,3,Cufe (budget: 1),500000,1000,Update,0.0,214.7089,993.35837,0.4487,0.4487,1006.686,6073.0019,True
imagenet,3,Cufe (budget: 4),500000,1000,Update,0.0,219.7458,1050.80819,0.6015,0.6015,951.6485,6073.0019,True
imagenet,3,Cufe (budget: 6),500000,1000,Update,0.0,217.6368,1068.48073,0.6819,0.6819,935.9083,6073.0019,True
imagenet,3,Cufe (budget: 10),500000,1000,Update,0.0,217.4975,1132.94578,0.7426,0.7426,882.6548,6073.0019,True
imagenet,3,Cufe (base),500000,1000,Update,0.0,215.015,56949.22614,0.8882,0.8882,17.5595,6073.0019,True
imagenet,3,SHNSW (ef_search: 40),500000,1000,Update,0.0,0.0008,206.71582,0.5758,0.5758,4837.5591,30.5214,True
imagenet,3,SHNSW (ef_search: 200),500000,1000,Update,0.0,0.0,362.6802,0.5859,0.5859,2757.2501,30.5214,True
imagenet,3,SHNSW (ef_search: 500),500000,1000,Update,0.0,0.0,720.14308,0.5905,0.5905,1388.6129,30.5214,True
imagenet,3,SHNSW (ef_search: 1000),500000,1000,Update,0.0,0.0,1206.40945,0.5935,0.5935,828.906,30.5214,True
imagenet,3,Faiss HNSW (efSearch: 64),500000,1000,Update,0.0,15.2263,83.0152,0.9006,0.9006,12045.9863,759.1253,True
imagenet,3,Faiss HNSW (efSearch: 128),500000,1000,Update,0.0,15.1813,144.70696,0.9112,0.9112,6910.5174,759.1253,True
imagenet,3,Faiss HNSW (efSearch: 256),500000,1000,Update,0.0,15.0918,219.73825,0.9221,0.9221,4550.8691,759.1253,True
imagenet,3,Faiss GT,500000,1000,Update,0.0,0.5992,12294.25311,0.9757,0.9757,81.3388,759.1251,True
imagenet,3,Scann,500000,1000,Update,0.0,0.0,929.59166,0.496,0.496,1075.7412,4.2912,True
imagenet,3,Falconn (num_tables: 50),500000,1000,Update,0.0,0.0,22631.23298,0.5934,0.5934,44.1867,4.22,True
imagenet,3,Falconn (num_tables: 100),500000,1000,Update,0.0,0.0,21896.28649,0.6025,0.6025,45.6698,4.2201,True
imdb_wiki,1,KNNS Binary (Threaded),300000,1000,Build,1.6628,0.0,28726.09067,1.0,1.0,34.8116,0.4046,True
imdb_wiki,1,KNNS Binary (Serial),300000,1000,Build,1.5232,0.0,79275.77209,1.0,1.0,12.6142,0.4046,False
imdb_wiki,1,KNNS Double (Threaded),300000,1000,Build,15.8678,0.0,30425.0741,1.0,1.0,32.8676,0.4004,True
imdb_wiki,1,KNNS Double (Serial),300000,1000,Build,13.794,0.0,114457.37338,1.0,1.0,8.7369,0.4004,False
imdb_wiki,1,Linscan (budget: 1),300000,1000,Build,375.4201,0.0,850.96812,0.106,0.106,1175.1322,9155.2776,True
imdb_wiki,1,Linscan (budget: 4),300000,1000,Build,387.347,0.0,882.22718,0.2451,0.2451,1133.4949,9155.2775,True
imdb_wiki,1,Linscan (budget: 6),300000,1000,Build,376.8515,0.0,917.82784,0.3201,0.3201,1089.5289,9155.2775,True
imdb_wiki,1,Linscan (budget: 10),300000,1000,Build,379.1552,0.0,996.16075,0.43,0.43,1003.8541,9155.2775,True
imdb_wiki,1,Linscan (base),300000,1000,Build,382.4458,0.0,62167.78898,0.9992,0.9992,16.0855,9155.2775,True
imdb_wiki,1,Cufe (budget: 1),300000,1000,Build,318.7792,0.0,887.80499,0.1726,0.1726,1126.3735,9155.2776,True
imdb_wiki,1,Cufe (budget: 4),300000,1000,Build,315.637,0.0,914.99472,0.3921,0.3921,1092.9025,9155.2776,True
imdb_wiki,1,Cufe (budget: 6),300000,1000,Build,367.4448,0.0,987.19549,0.43,0.43,1012.9706,9155.2776,True
imdb_wiki,1,Cufe (budget: 10),300000,1000,Build,405.1654,0.0,1442.86895,0.4652,0.4652,693.0636,9155.2776,True
imdb_wiki,1,Cufe (base),300000,1000,Build,361.2442,0.0,29754.72403,0.9838,0.9838,33.6081,9155.2776,True
imdb_wiki,1,SHNSW (ef_search: 40),300000,1000,Build,108.6631,0.0,139.98079,0.9407,0.9407,7143.8372,9155.2778,True
imdb_wiki,1,SHNSW (ef_search: 200),300000,1000,Build,110.0378,0.0,377.93136,0.9738,0.9738,2645.9831,9155.2778,True
imdb_wiki,1,SHNSW (ef_search: 500),300000,1000,Build,109.4068,0.0,725.02685,0.9885,0.9885,1379.2593,9155.2778,True
imdb_wiki,1,SHNSW (ef_search: 1000),300000,1000,Build,119.2774,0.0,1217.36073,0.9712,0.9712,821.4492,9155.2778,True
imdb_wiki,1,Faiss HNSW (efSearch: 64),300000,1000,Build,29.6797,0.0,97.20325,0.9335,0.9335,10287.7214,1144.4112,True
imdb_wiki,1,Faiss HNSW (efSearch: 128),300000,1000,Build,29.5107,0.0,154.43659,0.9494,0.9494,6475.1495,1144.4105,True
imdb_wiki,1,Faiss HNSW (efSearch: 256),300000,1000,Build,29.4283,0.0,232.94449,0.9521,0.9521,4292.8683,1144.4103,True
imdb_wiki,1,Faiss GT,300000,1000,Build,0.8827,0.0,7025.06924,0.9993,0.9993,142.3474,1144.4098,True
imdb_wiki,1,Scann,300000,1000,Build,21.1345,0.0,1038.28287,0.8465,0.8465,963.1287,1144.4144,True
imdb_wiki,1,Falconn (num_tables: 50),300000,1000,Build,2.1193,0.0,3599.31159,0.9484,0.9484,277.8309,1148.6301,True
imdb_wiki,1,Falconn (num_tables: 100),300000,1000,Build,5.1371,0.0,5827.71349,0.974,0.974,171.5939,1148.6301,True
imdb_wiki,2,KNNS Binary (Threaded),301000,1000,Update,0.0,1.5994,26386.44004,1.0,1.0,37.8983,0.4044,True
imdb_wiki,2,KNNS Binary (Serial),301000,1000,Update,0.0,1.5489,67485.60023,1.0,1.0,14.818,0.4002,False
imdb_wiki,2,KNNS Double (Threaded),301000,1000,Update,0.0,2.1753,27316.95342,1.0,1.0,36.6073,0.4002,True
imdb_wiki,2,KNNS Double (Serial),301000,1000,Update,0.0,1.3181,108518.19086,1.0,1.0,9.215,0.4003,False
imdb_wiki,2,Linscan (budget: 1),301000,1000,Update,0.0,1.3354,859.12251,0.0928,0.0928,1163.9783,93.0275,True
imdb_wiki,2,Linscan (budget: 4),301000,1000,Update,0.0,1.34,922.39451,0.2412,0.2412,1084.1348,93.024,True
imdb_wiki,2,Linscan (budget: 6),301000,1000,Update,0.0,1.298,964.99705,0.3258,0.3258,1036.2726,92.9711,True
imdb_wiki,2,Linscan (budget: 10),301000,1000,Update,0.0,1.2985,1039.62111,0.4258,0.4258,961.8889,92.9711,True
imdb_wiki,2,Linscan (base),301000,1000,Update,0.0,1.3203,60494.6084,0.9993,0.9993,16.5304,92.9706,True
imdb_wiki,2,Cufe (budget: 1),301000,1000,Update,0.0,1.0828,905.58243,0.17,0.17,1104.2617,92.9714,True
imdb_wiki,2,Cufe (budget: 4),301000,1000,Update,0.0,1.0832,962.8191,0.3979,0.3979,1038.6167,92.9714,True
imdb_wiki,2,Cufe (budget: 6),301000,1000,Update,0.0,1.0895,994.82727,0.4527,0.4527,1005.1996,92.9714,True
imdb_wiki,2,Cufe (budget: 10),301000,1000,Update,0.0,1.1201,1099.45369,0.4967,0.4967,909.5426,92.9714,True
imdb_wiki,2,Cufe (base),301000,1000,Update,0.0,1.0988,29788.04898,0.9858,0.9858,33.5705,92.9709,True
imdb_wiki,2,SHNSW (ef_search: 40),301000,1000,Update,0.0,0.0,145.69259,0.9238,0.9238,6863.7672,30.5214,True
imdb_wiki,2,SHNSW (ef_search: 200),301000,1000,Update,0.0,0.0,366.36901,0.9718,0.9718,2729.4885,30.5214,True
imdb_wiki,2,SHNSW (ef_search: 500),301000,1000,Update,0.0,0.0,722.93401,0.9836,0.9836,1383.2521,30.5214,True
imdb_wiki,2,SHNSW (ef_search: 1000),301000,1000,Update,0.0,0.0,1165.55405,0.964,0.964,857.9611,30.5214,True
imdb_wiki,2,Faiss HNSW (efSearch: 64),301000,1000,Update,0.0,0.2809,90.79957,0.9397,0.9397,11013.268,4.3295,True
imdb_wiki,2,Faiss HNSW (efSearch: 128),301000,1000,Update,0.0,0.2931,148.82135,0.9493,0.9493,6719.4658,4.3296,True
imdb_wiki,2,Faiss HNSW (efSearch: 256),301000,1000,Update,0.0,0.2988,266.02077,0.9513,0.9513,3759.1049,4.3296,True
imdb_wiki,2,Faiss GT,301000,1000,Update,0.0,0.1562,7182.5254,0.9999,0.9999,139.2268,4.3292,True
imdb_wiki,2,Scann,301000,1000,Update,0.0,0.0,1038.04803,0.8467,0.8467,963.3466,4.291,True
imdb_wiki,2,Falconn (num_tables: 50),301000,1000,Update,0.0,0.0,3431.24604,0.9477,0.9477,291.4393,4.2198,True
imdb_wiki,2,Falconn (num_tables: 100),301000,1000,Update,0.0,0.0,5590.2822,0.9745,0.9745,178.8818,4.2198,True
imdb_wiki,3,KNNS Binary (Threaded),500000,1000,Update,0.0,3.2705,43220.15119,1.0,1.0,23.1374,0.4046,True
imdb_wiki,3,KNNS Binary (Serial),500000,1000,Update,0.0,4.5141,125578.24206,1.0,1.0,7.9632,0.4003,False
imdb_wiki,3,KNNS Double (Threaded),500000,1000,Update,0.0,5.9737,52280.38883,1.0,1.0,19.1276,0.4003,True
imdb_wiki,3,KNNS Double (Serial),500000,1000,Update,0.0,5.259,203569.93794,1.0,1.0,4.9123,0.4003,False
imdb_wiki,3,Linscan (budget: 1),500000,1000,Update,0.0,398.9817,1409.23166,0.065,0.065,709.6065,6073.0023,True
imdb_wiki,3,Linscan (budget: 4),500000,1000,Update,0.0,333.0275,1537.78982,0.1569,0.1569,650.2839,6073.0019,True
imdb_wiki,3,Linscan (budget: 6),500000,1000,Update,0.0,358.0006,1298.99907,0.1749,0.1749,769.8235,6073.0019,True
imdb_wiki,3,Linscan (budget: 10),500000,1000,Update,0.0,308.5597,1205.0662,0.2483,0.2483,829.8299,6073.0019,True
imdb_wiki,3,Linscan (base),500000,1000,Update,0.0,295.8107,127659.00183,0.9995,0.9995,7.8334,6073.0019,True
imdb_wiki,3,Cufe (budget: 1),500000,1000,Update,0.0,281.9773,1599.87068,0.1101,0.1101,625.0505,6073.0019,True
imdb_wiki,3,Cufe (budget: 4),500000,1000,Update,0.0,273.3682,1205.75833,0.2186,0.2186,829.3536,6073.0019,True
imdb_wiki,3,Cufe (budget: 6),500000,1000,Update,0.0,243.9843,1539.40272,0.2964,0.2964,649.6026,6073.0019,True
imdb_wiki,3,Cufe (budget: 10),500000,1000,Update,0.0,335.399,1366.35494,0.3593,0.3593,731.8743,6073.0019,True
imdb_wiki,3,Cufe (base),500000,1000,Update,0.0,245.862,59273.54002,0.979,0.979,16.8709,6073.0019,True
imdb_wiki,3,SHNSW (ef_search: 40),500000,1000,Update,0.0,0.0001,521.22235,0.5744,0.5744,1918.567,30.5214,True
imdb_wiki,3,SHNSW (ef_search: 200),500000,1000,Update,0.0,0.0,1347.9917,0.5972,0.5972,741.8443,30.5214,True
imdb_wiki,3,SHNSW (ef_search: 500),500000,1000,Update,0.0,0.0,1177.56701,0.6083,0.6083,849.2086,30.5214,True
imdb_wiki,3,SHNSW (ef_search: 1000),500000,1000,Update,0.0,0.0,1377.4786,0.5938,0.5938,725.9641,30.5214,True
imdb_wiki,3,Faiss HNSW (efSearch: 64),500000,1000,Update,0.0,26.2748,105.02934,0.9345,0.9345,9521.1486,759.1253,True
imdb_wiki,3,Faiss HNSW (efSearch: 128),500000,1000,Update,0.0,22.9971,180.45354,0.956,0.956,5541.5926,759.1253,True
imdb_wiki,3,Faiss HNSW (efSearch: 256),500000,1000,Update,0.0,22.0283,283.79273,0.958,0.958,3523.6984,759.1253,True
imdb_wiki,3,Faiss GT,500000,1000,Update,0.0,1.0435,14121.60182,0.9997,0.9997,70.8135,759.1251,True
imdb_wiki,3,Scann,500000,1000,Update,0.0,0.0007,4381.53172,0.5222,0.5222,228.2307,4.2908,True
imdb_wiki,3,Falconn (num_tables: 50),500000,1000,Update,0.0,0.0,18120.18299,0.5887,0.5887,55.1871,4.2197,True
imdb_wiki,3,Falconn (num_tables: 100),500000,1000,Update,0.0,0.0,31288.27429,0.6033,0.6033,31.9609,4.2197,True
insta_1m,1,KNNS Binary (Threaded),300000,1000,Build,4.5142,0.0,8330.95217,1.0,1.0,120.0343,0.4044,True
insta_1m,1,KNNS Binary (Serial),300000,1000,Build,32.8879,0.0,21439.79692,1.0,1.0,46.6422,0.4045,False
insta_1m,1,KNNS Double (Threaded),300000,1000,Build,6.0844,0.0,6190.91272,1.0,1.0,161.5271,0.4002,True
insta_1m,1,KNNS Double (Serial),300000,1000,Build,8.1902,0.0,27423.43783,1.0,1.0,36.4652,0.4002,False
insta_1m,1,Linscan (budget: 1),300000,1000,Build,442.2339,0.0,931.50997,0.1332,0.1332,1073.5258,9155.2776,True
insta_1m,1,Linscan (budget: 4),300000,1000,Build,495.824,0.0,886.24978,0.3309,0.3309,1128.3501,9155.2775,True
insta_1m,1,Linscan (budget: 6),300000,1000,Build,501.5321,0.0,1050.85373,0.4488,0.4488,951.6072,9155.2775,True
insta_1m,1,Linscan (budget: 10),300000,1000,Build,477.5925,0.0,1043.84208,0.6113,0.6113,957.9993,9155.2775,True
insta_1m,1,Linscan (base),300000,1000,Build,387.3276,0.0,59282.66263,0.9981,0.9981,16.8683,9155.2775,True
insta_1m,1,Cufe (budget: 1),300000,1000,Build,318.0336,0.0,855.28588,0.2218,0.2218,1169.1997,9155.2776,True
insta_1m,1,Cufe (budget: 4),300000,1000,Build,321.1121,0.0,898.93031,0.5462,0.5462,1112.4333,9155.2776,True
insta_1m,1,Cufe (budget: 6),300000,1000,Build,320.6194,0.0,955.51205,0.6263,0.6263,1046.5593,9155.2776,True
insta_1m,1,Cufe (budget: 10),300000,1000,Build,318.933,0.0,1018.26262,0.6778,0.6778,982.0649,9155.2776,True
insta_1m,1,Cufe (base),300000,1000,Build,321.3036,0.0,28703.59635,0.9665,0.9665,34.8388,9155.2776,True
insta_1m,1,SHNSW (ef_search: 40),300000,1000,Build,101.2255,0.0,110.36468,0.9603,0.9603,9060.8702,9155.2778,True
insta_1m,1,SHNSW (ef_search: 200),300000,1000,Build,104.5034,0.0,250.50282,0.9786,0.9786,3991.971,9155.2778,True
insta_1m,1,SHNSW (ef_search: 500),300000,1000,Build,105.0497,0.0,509.99618,0.9886,0.9886,1960.799,9155.2778,True
insta_1m,1,SHNSW (ef_search: 1000),300000,1000,Build,105.5035,0.0,1011.64055,0.9923,0.9923,988.4934,9155.2778,True
insta_1m,1,Faiss HNSW (efSearch: 64),300000,1000,Build,25.1444,0.0,82.47566,0.9565,0.9565,12124.789,1144.4114,True
insta_1m,1,Faiss HNSW (efSearch: 128),300000,1000,Build,24.6621,0.0,140.98716,0.967,0.967,7092.8446,1144.4105,True
insta_1m,1,Faiss HNSW (efSearch: 256),300000,1000,Build,25.4224,0.0,188.86089,0.9765,0.9765,5294.9024,1144.4105,True
insta_1m,1,Faiss GT,300000,1000,Build,0.8,0.0,6311.09619,0.9983,0.9983,158.4511,1144.4098,True
insta_1m,1,Scann,300000,1000,Build,22.4919,0.0,1075.02079,0.8207,0.8207,930.2146,1144.4144,True
insta_1m,1,Falconn (num_tables: 50),300000,1000,Build,2.0564,0.0,1871.91916,0.9642,0.9642,534.2111,1148.6302,True
insta_1m,1,Falconn (num_tables: 100),300000,1000,Build,3.9199,0.0,3062.8705,0.9853,0.9853,326.4911,1148.6302,True
insta_1m,2,KNNS Binary (Threaded),301000,1000,Update,0.0,1.8122,8062.56986,1.0,1.0,124.0299,0.4042,True
insta_1m,2,KNNS Binary (Serial),301000,1000,Update,0.0,1.3609,19508.95166,1.0,1.0,51.2585,0.4,False
insta_1m,2,KNNS Double (Threaded),301000,1000,Update,0.0,2.518,6032.15337,1.0,1.0,165.7783,0.4,True
insta_1m,2,KNNS Double (Serial),301000,1000,Update,0.0,0.0245,23483.7923,1.0,1.0,42.5826,0.4,False
insta_1m,2,Linscan (budget: 1),301000,1000,Update,0.0,1.3219,866.44816,0.1372,0.1372,1154.1371,93.0271,True
insta_1m,2,Linscan (budget: 4),301000,1000,Update,0.0,1.308,937.23464,0.3591,0.3591,1066.9687,93.0238,True
insta_1m,2,Linscan (budget: 6),301000,1000,Update,0.0,1.335,962.96549,0.4447,0.4447,1038.4588,92.9707,True
insta_1m,2,Linscan (budget: 10),301000,1000,Update,0.0,1.3335,1042.79232,0.6044,0.6044,958.9637,92.9708,True
insta_1m,2,Linscan (base),301000,1000,Update,0.0,1.3334,59466.31742,0.9974,0.9974,16.8162,92.9707,True
insta_1m,2,Cufe (budget: 1),301000,1000,Update,0.0,1.0828,908.62298,0.2215,0.2215,1100.5665,92.9711,True
insta_1m,2,Cufe (budget: 4),301000,1000,Update,0.0,1.0906,958.47821,0.5353,0.5353,1043.3205,92.9711,True
insta_1m,2,Cufe (budget: 6),301000,1000,Update,0.0,1.0903,987.68544,0.6049,0.6049,1012.4681,92.9711,True
insta_1m,2,Cufe (budget: 10),301000,1000,Update,0.0,1.1017,1051.27025,0.6721,0.6721,951.2302,92.9711,True
insta_1m,2,Cufe (base),301000,1000,Update,0.0,1.0802,29390.39373,0.965,0.965,34.0247,92.971,True
insta_1m,2,SHNSW (ef_search: 40),301000,1000,Update,0.0,0.0,107.37324,0.9453,0.9453,9313.3077,30.5214,True
insta_1m,2,SHNSW (ef_search: 200),301000,1000,Update,0.0,0.0,244.41361,0.9744,0.9744,4091.4251,30.5214,True
insta_1m,2,SHNSW (ef_search: 500),301000,1000,Update,0.0,0.0,511.33013,0.9836,0.9836,1955.6837,30.5214,True
insta_1m,2,SHNSW (ef_search: 1000),301000,1000,Update,0.0,0.0,991.05906,0.9898,0.9898,1009.0216,30.5214,True
insta_1m,2,Faiss HNSW (efSearch: 64),301000,1000,Update,0.0,0.1895,80.87969,0.9573,0.9573,12364.0437,4.3295,True
insta_1m,2,Faiss HNSW (efSearch: 128),301000,1000,Update,0.0,0.187,121.89507,0.963,0.963,8203.7769,4.3293,True
insta_1m,2,Faiss HNSW (efSearch: 256),301000,1000,Update,0.0,0.1925,232.16748,0.9739,0.9739,4307.2354,4.3292,True
insta_1m,2,Faiss GT,301000,1000,Update,0.0,0.2563,7992.15555,0.9977,0.9977,125.1227,4.3291,True
insta_1m,2,Scann,301000,1000,Update,0.0,0.0,1335.05058,0.8223,0.8223,749.0353,4.2909,True
insta_1m,2,Falconn (num_tables: 50),301000,1000,Update,0.0,0.0,2236.98854,0.949,0.949,447.0296,4.2199,True
insta_1m,2,Falconn (num_tables: 100),301000,1000,Update,0.0,0.0,3707.23343,0.9766,0.9766,269.7429,4.2199,True
insta_1m,3,KNNS Binary (Threaded),500000,1000,Update,0.0,4.0085,12868.47281,1.0,1.0,77.7093,0.4044,True
insta_1m,3,KNNS Binary (Serial),500000,1000,Update,0.0,4.9097,33587.83293,1.0,1.0,29.7727,0.4002,False
insta_1m,3,KNNS Double (Threaded),500000,1000,Update,0.0,7.8655,10857.41663,1.0,1.0,92.1029,0.4002,True
insta_1m,3,KNNS Double (Serial),500000,1000,Update,0.0,6.1358,41311.12504,1.0,1.0,24.2066,0.4002,False
insta_1m,3,Linscan (budget: 1),500000,1000,Update,0.0,340.4646,1838.61542,0.0863,0.0863,543.8875,6073.0023,True
insta_1m,3,Linscan (budget: 4),500000,1000,Update,0.0,378.2971,1313.28773,0.2198,0.2198,761.4478,6073.0019,True
insta_1m,3,Linscan (budget: 6),500000,1000,Update,0.0,292.2459,1214.60128,0.277,0.277,823.3155,6073.0019,True
insta_1m,3,Linscan (budget: 10),500000,1000,Update,0.0,373.5793,4841.61019,0.4071,0.4071,206.5429,6073.0019,True
insta_1m,3,Linscan (base),500000,1000,Update,0.0,406.0756,130339.02264,0.9987,0.9987,7.6723,6073.0019,True
insta_1m,3,Cufe (budget: 1),500000,1000,Update,0.0,214.5584,1302.13475,0.2187,0.2187,767.9697,6073.0019,True
insta_1m,3,Cufe (budget: 4),500000,1000,Update,0.0,212.5703,1371.70744,0.3436,0.3436,729.0184,6073.0019,True
insta_1m,3,Cufe (budget: 6),500000,1000,Update,0.0,213.8403,1400.08497,0.4176,0.4176,714.2424,6073.0019,True
insta_1m,3,Cufe (budget: 10),500000,1000,Update,0.0,220.3073,1287.8983,0.4977,0.4977,776.4588,6073.0019,True
insta_1m,3,Cufe (base),500000,1000,Update,0.0,213.5913,54385.02836,0.9618,0.9618,18.3874,6073.0019,True
insta_1m,3,SHNSW (ef_search: 40),500000,1000,Update,0.0,0.0,770.13659,0.5699,0.5699,1298.471,30.5214,True
insta_1m,3,SHNSW (ef_search: 200),500000,1000,Update,0.0,0.0,2326.04194,0.583,0.583,429.9149,30.5214,True
insta_1m,3,SHNSW (ef_search: 500),500000,1000,Update,0.0,0.0,2140.60736,0.5939,0.5939,467.1571,30.5214,True
insta_1m,3,SHNSW (ef_search: 1000),500000,1000,Update,0.0,0.0,1505.44953,0.5957,0.5957,664.2534,30.5214,True
insta_1m,3,Faiss HNSW (efSearch: 64),500000,1000,Update,0.0,22.976,91.89296,0.9479,0.9479,10882.2267,759.1253,True
insta_1m,3,Faiss HNSW (efSearch: 128),500000,1000,Update,0.0,19.3841,120.24951,0.9565,0.9565,8316.0422,759.1253,True
insta_1m,3,Faiss HNSW (efSearch: 256),500000,1000,Update,0.0,18.5024,186.94067,0.9723,0.9723,5349.2908,759.1253,True
insta_1m,3,Faiss GT,500000,1000,Update,0.0,1.9676,12785.31361,0.9991,0.9991,78.2147,759.1251,True
insta_1m,3,Scann,500000,1000,Update,0.0,0.0006,5182.85704,0.5048,0.5048,192.9438,4.2909,True
insta_1m,3,Falconn (num_tables: 50),500000,1000,Update,0.0,0.0,2572.03937,0.5818,0.5818,388.7965,4.2199,True
insta_1m,3,Falconn (num_tables: 100),500000,1000,Update,0.0,0.0,31243.96276,0.5923,0.5923,32.0062,4.2199,True
mirflickr,1,KNNS Binary (Threaded),300000,1000,Build,6.8771,0.0,5525.74611,1.0,1.0,180.971,0.4046,True
mirflickr,1,KNNS Binary (Serial),300000,1000,Build,4.8801,0.0,11327.75235,1.0,1.0,88.2788,0.4046,False
mirflickr,1,KNNS Double (Threaded),300000,1000,Build,5.5993,0.0,3515.80906,1.0,1.0,284.4296,0.4004,True
mirflickr,1,KNNS Double (Serial),300000,1000,Build,7.693,0.0,13503.39723,1.0,1.0,74.0554,0.4004,False
mirflickr,1,Linscan (budget: 1),300000,1000,Build,384.5529,0.0,917.77682,0.1247,0.1247,1089.5895,9155.2776,True
mirflickr,1,Linscan (budget: 4),300000,1000,Build,377.4269,0.0,902.09961,0.389,0.389,1108.525,9155.2775,True
mirflickr,1,Linscan (budget: 6),300000,1000,Build,382.8276,0.0,968.65678,0.5186,0.5186,1032.3574,9155.2775,True
mirflickr,1,Linscan (budget: 10),300000,1000,Build,386.0782,0.0,1018.21518,0.6826,0.6826,982.1107,9155.2775,True
mirflickr,1,Linscan (base),300000,1000,Build,398.0378,0.0,57673.74468,0.9914,0.9914,17.3389,9155.2775,True
mirflickr,1,Cufe (budget: 1),300000,1000,Build,317.5529,0.0,1140.49196,0.2359,0.2359,876.8146,9155.2776,True
mirflickr,1,Cufe (budget: 4),300000,1000,Build,318.2721,0.0,986.53102,0.5971,0.5971,1013.6529,9155.2776,True
mirflickr,1,Cufe (budget: 6),300000,1000,Build,317.2475,0.0,1059.49593,0.6613,0.6613,943.8451,9155.2776,True
mirflickr,1,Cufe (budget: 10),300000,1000,Build,318.6584,0.0,1013.56339,0.7175,0.7175,986.6181,9155.2776,True
mirflickr,1,Cufe (base),300000,1000,Build,317.3447,0.0,29415.72452,0.9324,0.9324,33.9954,9155.2776,True
mirflickr,1,SHNSW (ef_search: 40),300000,1000,Build,105.6015,0.0,116.26029,0.9545,0.9545,8601.3892,9155.2778,True
mirflickr,1,SHNSW (ef_search: 200),300000,1000,Build,111.1062,0.0,283.38313,0.9751,0.9751,3528.7916,9155.2778,True
mirflickr,1,SHNSW (ef_search: 500),300000,1000,Build,136.4296,0.0,562.05368,0.9848,0.9848,1779.1895,9155.2778,True
mirflickr,1,SHNSW (ef_search: 1000),300000,1000,Build,131.6438,0.0,1080.83653,0.9911,0.9911,925.2093,9155.2778,True
mirflickr,1,Faiss HNSW (efSearch: 64),300000,1000,Build,25.6042,0.0,80.95121,0.954,0.954,12353.1193,1144.4113,True
mirflickr,1,Faiss HNSW (efSearch: 128),300000,1000,Build,26.4007,0.0,137.05277,0.9631,0.9631,7296.4594,1144.4103,True
mirflickr,1,Faiss HNSW (efSearch: 256),300000,1000,Build,26.6706,0.0,240.87572,0.9756,0.9756,4151.5185,1144.4104,True
mirflickr,1,Faiss GT,300000,1000,Build,0.8422,0.0,7617.17582,0.9915,0.9915,131.2823,1144.4097,True
mirflickr,1,Scann,300000,1000,Build,23.6395,0.0,1190.89198,0.8192,0.8192,839.7067,1144.4144,True
mirflickr,1,Falconn (num_tables: 50),300000,1000,Build,2.3179,0.0,1703.68266,0.9621,0.9621,586.9638,1148.6304,True
mirflickr,1,Falconn (num_tables: 100),300000,1000,Build,4.6085,0.0,2902.3726,0.9803,0.9803,344.5457,1148.6304,True
mirflickr,2,KNNS Binary (Threaded),301000,1000,Update,0.0,12.7769,9480.76367,1.0,1.0,105.4767,0.4044,True
mirflickr,2,KNNS Binary (Serial),301000,1000,Update,0.0,109.0927,23521.173,1.0,1.0,42.5149,0.4002,False
mirflickr,2,KNNS Double (Threaded),301000,1000,Update,0.0,13.4023,4658.42867,1.0,1.0,214.6647,0.4002,True
mirflickr,2,KNNS Double (Serial),301000,1000,Update,0.0,4.1943,29072.07513,1.0,1.0,34.3973,0.4002,False
mirflickr,2,Linscan (budget: 1),301000,1000,Update,0.0,2.1086,2652.72236,0.4287,0.4287,376.9712,93.0273,True
mirflickr,2,Linscan (budget: 4),301000,1000,Update,0.0,2.0889,2210.49118,0.5663,0.5663,452.3881,93.0239,True
mirflickr,2,Linscan (budget: 6),301000,1000,Update,0.0,2.3249,1586.14922,0.4282,0.4282,630.4577,92.9708,True
mirflickr,2,Linscan (budget: 10),301000,1000,Update,0.0,1.8731,2677.34003,0.611,0.611,373.505,92.9709,True
mirflickr,2,Linscan (base),301000,1000,Update,0.0,3.0304,66514.00137,0.996,0.996,15.0344,92.9709,True
mirflickr,2,Cufe (budget: 1),301000,1000,Update,0.0,1.6755,1401.25823,0.3384,0.3384,713.6443,92.9709,True
mirflickr,2,Cufe (budget: 4),301000,1000,Update,0.0,1.6324,1450.77896,0.5441,0.5441,689.2849,92.9712,True
mirflickr,2,Cufe (budget: 6),301000,1000,Update,0.0,1.6485,1433.29191,0.5809,0.5809,697.6946,92.9713,True
mirflickr,2,Cufe (budget: 10),301000,1000,Update,0.0,1.7184,1444.9017,0.6366,0.6366,692.0886,92.9712,True
mirflickr,2,Cufe (base),301000,1000,Update,0.0,1.6345,31244.65227,0.9504,0.9504,32.0055,92.9713,True
mirflickr,2,SHNSW (ef_search: 40),301000,1000,Update,0.0,0.0,492.05709,0.9338,0.9338,2032.2845,30.5214,True
mirflickr,2,SHNSW (ef_search: 200),301000,1000,Update,0.0,0.0,314.91661,0.964,0.964,3175.4438,30.5214,True
mirflickr,2,SHNSW (ef_search: 500),301000,1000,Update,0.0,0.0,625.24152,0.9705,0.9705,1599.382,30.5214,True
mirflickr,2,SHNSW (ef_search: 1000),301000,1000,Update,0.0,0.0,1113.76834,0.985,0.985,897.8528,30.5214,True
mirflickr,2,Faiss HNSW (efSearch: 64),301000,1000,Update,0.0,0.5248,80.63626,0.9388,0.9388,12401.3684,4.3296,True
mirflickr,2,Faiss HNSW (efSearch: 128),301000,1000,Update,0.0,0.6754,209.97596,0.9473,0.9473,4762.45,4.3295,True
mirflickr,2,Faiss HNSW (efSearch: 256),301000,1000,Update,0.0,0.5666,216.1448,0.9634,0.9634,4626.5281,4.3296,True
mirflickr,2,Faiss GT,301000,1000,Update,0.0,1.4916,11401.72696,0.9951,0.9951,87.706,4.3293,True
mirflickr,2,Scann,301000,1000,Update,0.0,0.0,1540.2751,0.8107,0.8107,649.2347,4.291,True
mirflickr,2,Falconn (num_tables: 50),301000,1000,Update,0.0,0.0,1948.12965,0.9544,0.9544,513.3129,4.2201,True
mirflickr,2,Falconn (num_tables: 100),301000,1000,Update,0.0,0.0,4027.50564,0.9793,0.9793,248.2926,4.2201,True
mirflickr,3,KNNS Binary (Threaded),500000,1000,Update,0.0,22.628,9812.92772,1.0,1.0,101.9064,0.4047,True
mirflickr,3,KNNS Binary (Serial),500000,1000,Update,0.0,15.7577,25340.40952,1.0,1.0,39.4627,0.4005,False
mirflickr,3,KNNS Double (Threaded),500000,1000,Update,0.0,3.467,6752.00319,1.0,1.0,148.1042,0.4005,True
mirflickr,3,KNNS Double (Serial),500000,1000,Update,0.0,47.79,42147.48788,1.0,1.0,23.7262,0.4005,False
mirflickr,3,Linscan (budget: 1),500000,1000,Update,0.0,397.7844,1689.24427,0.252,0.252,591.9807,6073.0023,True
mirflickr,3,Linscan (budget: 4),500000,1000,Update,0.0,377.2561,1128.99065,0.1957,0.1957,885.7469,6073.0019,True
mirflickr,3,Linscan (budget: 6),500000,1000,Update,0.0,323.7326,1204.66995,0.401,0.401,830.1029,6073.0019,True
mirflickr,3,Linscan (budget: 10),500000,1000,Update,0.0,289.9276,1154.96421,0.4234,0.4234,865.8277,6073.0019,True
mirflickr,3,Linscan (base),500000,1000,Update,0.0,303.8359,127979.46358,0.9968,0.9968,7.8138,6073.0019,True
mirflickr,3,Cufe (budget: 1),500000,1000,Update,0.0,261.9141,1195.70827,0.2685,0.2685,836.3244,6073.0019,True
mirflickr,3,Cufe (budget: 4),500000,1000,Update,0.0,271.7592,3957.49807,0.2686,0.2686,252.6849,6073.0019,True
mirflickr,3,Cufe (budget: 6),500000,1000,Update,0.0,229.7287,1951.478,0.4291,0.4291,512.4321,6073.0019,True
mirflickr,3,Cufe (budget: 10),500000,1000,Update,0.0,228.8395,1937.46376,0.618,0.618,516.1387,6073.0019,True
mirflickr,3,Cufe (base),500000,1000,Update,0.0,289.9795,55079.602,0.9498,0.9498,18.1555,6073.0019,True
mirflickr,3,SHNSW (ef_search: 40),500000,1000,Update,0.0,0.0,799.39651,0.5749,0.5749,1250.9437,30.5214,True
mirflickr,3,SHNSW (ef_search: 200),500000,1000,Update,0.0,0.0,4790.17854,0.5831,0.5831,208.7605,30.5214,True
mirflickr,3,SHNSW (ef_search: 500),500000,1000,Update,0.0,0.0,2796.34309,0.5896,0.5896,357.6099,30.5214,True
mirflickr,3,SHNSW (ef_search: 1000),500000,1000,Update,0.0,0.0,1982.11861,0.5933,0.5933,504.5107,30.5214,True
mirflickr,3,Faiss HNSW (efSearch: 64),500000,1000,Update,0.0,18.3409,80.89948,0.944,0.944,12361.0193,759.1253,True
mirflickr,3,Faiss HNSW (efSearch: 128),500000,1000,Update,0.0,17.6256,134.96351,0.9575,0.9575,7409.41,759.1253,True
mirflickr,3,Faiss HNSW (efSearch: 256),500000,1000,Update,0.0,23.1233,223.94609,0.9697,0.9697,4465.3603,759.1253,True
mirflickr,3,Faiss GT,500000,1000,Update,0.0,9.0936,18144.79423,0.9968,0.9968,55.1122,759.1251,True
mirflickr,3,Scann,500000,1000,Update,0.0,0.0,6078.38607,0.5,0.5,164.5174,4.2909,True
mirflickr,3,Falconn (num_tables: 50),500000,1000,Update,0.0,0.0,10761.63697,0.5777,0.5777,92.9227,4.2202,True
mirflickr,3,Falconn (num_tables: 100),500000,1000,Update,0.0,0.0,2853.81579,0.592,0.592,350.408,4.2202,True
